[
    {
      "id": 1,
      "name": "apple",
      "mrp": 10,
      "availableStock": 20,
      "measure": "kilogram",
      "category": "fruits"
    },
    {
      "id": 2,
      "name": "grapes",
      "mrp": 20,
      "availableStock": 32,
      "measure": "kilogram",
      "category": "fruits"
    },
    {
      "id": 3,
      "name": "potato",
      "mrp": 15,
      "availableStock": 11,
      "measure": "kilogram",
      "category": "vegetables"
    },
    {
      "id": 4,
      "name": "tomato",
      "mrp": 30,
      "availableStock": 54,
      "measure": "kilogram",
      "category": "vegetables"
    },
    {
      "id": 5,
      "name": "pepsi",
      "mrp": 25,
      "availableStock": 22,
      "measure": "liter",
      "category": "soft drinks"
    },
    {
      "id": 6,
      "name": "fanta",
      "mrp": 32,
      "availableStock": 9,
      "measure": "liter",
      "category": "soft drinks"
    },
    {
      "id": 7,
      "name": "ball pen",
      "mrp": 5,
      "availableStock": 65,
      "measure": "number",
      "category": "stationery"
    },
    {
      "id": 8,
      "name": "notebook",
      "mrp": 50,
      "availableStock": 129,
      "measure": "number",
      "category": "stationery"
    },
    {
      "id": 9,
      "name": "rice",
      "mrp": 55,
      "availableStock": 100,
      "measure": "kilogram",
      "category": "groceries"
    },
    {
      "id": 10,
      "name": "pepper",
      "mrp": 200,
      "availableStock": 200,
      "measure": "kilogram",
      "category": "groceries"
    }
  ]